ROW_ID,prediction
180245,1
180246,1
180247,0
180248,0
180249,1
180250,1
180251,1
180252,0
180253,0
180254,1
180255,0
180256,0
180257,0
180258,1
180259,0
180260,1
180261,0
180262,1
180263,1
180264,1
180265,1
180266,1
180267,0
180268,0
180269,0
180270,0
180271,1
180272,0
180273,0
180274,1
180275,0
180276,1
180277,1
180278,0
180279,0
180280,0
180281,0
180282,1
180283,0
180284,1
180285,1
180286,0
180287,1
180288,0
180289,0
180290,1
180291,1
180292,1
180293,1
180294,1
180295,1
180296,1
180297,1
180298,1
180299,1
180300,1
180301,1
180302,0
180303,1
180304,1
180305,0
180306,1
180307,0
180308,1
180309,0
180310,0
180311,1
180312,1
180313,1
180314,1
180315,0
180316,0
180317,0
180318,1
180319,0
180320,1
180321,1
180322,1
180323,1
180324,0
180325,1
180326,1
180327,1
180328,1
180329,1
180330,1
180331,0
180332,0
180333,1
180334,1
180335,1
180336,0
180337,1
180338,0
180339,0
180340,1
180341,1
180342,1
180343,1
180344,1
180345,0
180346,1
180347,1
180348,0
180349,0
180350,0
180351,1
180352,1
180353,1
180354,1
180355,0
180356,1
180357,0
180358,0
180359,1
180360,0
180361,0
180362,1
180363,1
180364,1
180365,0
180366,0
180367,0
180368,0
180369,1
180370,1
180371,0
180372,1
180373,1
180374,0
180375,1
180376,1
180377,1
180378,0
180379,0
180380,0
180381,0
180382,1
180383,1
180384,1
180385,1
180386,1
180387,1
180388,0
180389,1
180390,0
180391,1
180392,0
180393,1
180394,1
180395,1
180396,1
180397,0
180398,1
180399,0
180400,1
180401,1
180402,0
180403,0
180404,0
180405,0
180406,1
180407,0
180408,1
180409,0
180410,0
180411,0
180412,1
180413,1
180414,1
180415,0
180416,0
180417,0
180418,0
180419,0
180420,0
180421,0
180422,0
180423,0
180424,1
180425,0
180426,0
180427,0
180428,1
180429,1
180430,0
180431,0
180432,0
180433,1
180434,0
180435,1
180436,1
180437,1
180438,0
180439,1
180440,0
180441,0
180442,1
180443,0
180444,1
180445,0
180446,1
180447,1
180448,0
180449,0
180450,0
180451,0
180452,1
180453,0
180454,0
180455,0
180456,0
180457,1
180458,0
180459,0
180460,0
180461,0
180462,0
180463,1
180464,0
180465,0
180466,0
180467,0
180468,1
180469,1
180470,0
180471,0
180472,0
180473,1
180474,0
180475,0
180476,0
180477,1
180478,1
180479,1
180480,1
180481,0
180482,0
180483,0
180484,0
180485,0
180486,0
180487,1
180488,1
180489,1
180490,1
180491,1
180492,1
180493,1
180494,0
180495,0
180496,0
180497,1
180498,1
180499,0
180500,1
180501,0
180502,1
180503,1
180504,0
180505,1
180506,0
180507,1
180508,0
180509,0
180510,1
180511,1
180512,0
180513,0
180514,0
180515,0
180516,0
180517,1
180518,1
180519,0
180520,0
180521,1
180522,1
180523,0
180524,1
180525,1
180526,0
180527,0
180528,1
180529,1
180530,1
180531,0
180532,1
180533,1
180534,1
180535,1
180536,1
180537,1
180538,1
180539,1
180540,0
180541,0
180542,1
180543,1
180544,1
180545,1
180546,1
180547,1
180548,1
180549,0
180550,0
180551,1
180552,0
180553,0
180554,0
180555,0
180556,0
180557,0
180558,0
180559,1
180560,0
180561,1
180562,0
180563,1
180564,0
180565,1
180566,0
180567,1
180568,1
180569,0
180570,1
180571,0
180572,0
180573,0
180574,0
180575,0
180576,1
180577,1
180578,0
180579,0
180580,0
180581,0
180582,1
180583,0
180584,0
180585,0
180586,1
180587,1
180588,0
180589,0
180590,0
180591,0
180592,0
180593,1
180594,0
180595,0
180596,0
180597,0
180598,1
180599,1
180600,1
180601,0
180602,1
180603,1
180604,0
180605,0
180606,0
180607,1
180608,0
180609,0
180610,0
180611,1
180612,0
180613,0
180614,0
180615,0
180616,0
180617,1
180618,1
180619,1
180620,1
180621,0
180622,0
180623,1
180624,1
180625,1
180626,0
180627,1
180628,0
180629,1
180630,1
180631,0
180632,1
180633,1
180634,0
180635,1
180636,0
180637,1
180638,1
180639,1
180640,1
180641,1
180642,1
180643,1
180644,1
180645,1
180646,0
180647,1
180648,1
180649,0
180650,0
180651,1
180652,1
180653,1
180654,1
180655,0
180656,1
180657,1
180658,1
180659,0
180660,1
180661,0
180662,1
180663,1
180664,0
180665,1
180666,1
180667,1
180668,0
180669,0
180670,1
180671,0
180672,1
180673,1
180674,0
180675,1
180676,1
180677,1
180678,0
180679,1
180680,1
180681,1
180682,0
180683,0
180684,0
180685,1
180686,0
180687,1
180688,1
180689,0
180690,0
180691,1
180692,1
180693,0
180694,1
180695,1
180696,1
180697,1
180698,0
180699,1
180700,1
180701,0
180702,1
180703,0
180704,0
180705,1
180706,0
180707,0
180708,0
180709,1
180710,0
180711,1
180712,1
180713,0
180714,0
180715,0
180716,1
180717,1
180718,0
180719,0
180720,1
180721,0
180722,0
180723,1
180724,0
180725,1
180726,1
180727,0
180728,1
180729,1
180730,1
180731,1
180732,1
180733,1
180734,1
180735,0
180736,1
180737,1
180738,1
180739,1
180740,1
180741,0
180742,1
180743,0
180744,0
180745,0
180746,1
180747,1
180748,1
180749,1
180750,0
180751,0
180752,0
180753,1
180754,0
180755,1
180756,0
180757,1
180758,1
180759,0
180760,1
180761,1
180762,1
180763,0
180764,0
180765,1
180766,1
180767,1
180768,1
180769,0
180770,0
180771,1
180772,1
180773,0
180774,1
180775,0
180776,0
180777,1
180778,0
180779,0
180780,0
180781,0
180782,1
180783,1
180784,0
180785,0
180786,1
180787,0
180788,0
180789,0
180790,0
180791,1
180792,0
180793,1
180794,1
180795,0
180796,0
180797,1
180798,1
180799,0
180800,0
180801,0
180802,1
180803,1
180804,0
180805,1
180806,0
180807,1
180808,0
180809,0
180810,0
180811,1
180812,1
180813,1
180814,0
180815,0
180816,1
180817,1
180818,1
180819,0
180820,1
180821,1
180822,0
180823,1
180824,0
180825,1
180826,0
180827,1
180828,1
180829,0
180830,1
180831,0
180832,1
180833,0
180834,1
180835,0
180836,1
180837,0
180838,0
180839,0
180840,1
180841,0
180842,1
180843,1
180844,1
180845,0
180846,0
180847,1
180848,1
180849,1
180850,1
180851,0
180852,0
180853,1
180854,0
180855,0
180856,0
180857,1
180858,0
180859,0
180860,1
180861,0
180862,1
180863,1
180864,1
180865,1
180866,0
180867,1
180868,1
180869,1
180870,0
180871,0
180872,1
180873,1
180874,0
180875,1
180876,1
180877,0
180878,0
180879,0
180880,0
180881,0
180882,0
180883,1
180884,0
180885,0
180886,0
180887,0
180888,1
180889,0
180890,1
180891,1
180892,1
180893,0
180894,0
180895,0
180896,0
180897,1
180898,0
180899,0
180900,1
180901,1
180902,0
180903,1
180904,1
180905,0
180906,0
180907,1
180908,1
180909,0
180910,0
180911,0
180912,0
180913,0
180914,0
180915,0
180916,1
180917,0
180918,1
180919,1
180920,0
180921,1
180922,0
180923,0
180924,1
180925,0
180926,1
180927,0
180928,1
180929,1
180930,0
180931,0
180932,1
180933,0
180934,1
180935,1
180936,0
180937,1
180938,0
180939,1
180940,0
180941,0
180942,1
180943,1
180944,1
180945,0
180946,0
180947,0
180948,1
180949,1
180950,1
180951,1
180952,1
180953,0
180954,0
180955,1
180956,0
180957,1
180958,1
180959,1
180960,0
180961,0
180962,0
180963,0
180964,0
180965,1
180966,1
180967,1
180968,0
180969,0
180970,0
180971,0
180972,1
180973,0
180974,0
180975,0
180976,0
180977,1
180978,0
180979,0
180980,0
180981,1
180982,0
180983,1
180984,0
180985,0
180986,0
180987,0
180988,0
180989,1
180990,0
180991,0
180992,0
180993,0
180994,0
180995,0
180996,0
180997,1
180998,0
180999,0
181000,1
181001,1
181002,0
181003,0
181004,1
181005,0
181006,0
181007,1
181008,1
181009,1
181010,0
181011,0
181012,0
181013,1
181014,0
181015,1
181016,1
181017,1
181018,1
181019,0
181020,1
181021,0
181022,1
181023,0
181024,0
181025,0
181026,1
181027,1
181028,1
181029,0
181030,1
181031,1
181032,0
181033,0
181034,0
181035,0
181036,0
181037,0
181038,1
181039,1
181040,1
181041,1
181042,0
181043,1
181044,0
181045,0
181046,1
181047,0
181048,1
181049,1
181050,1
181051,0
181052,1
181053,1
181054,0
181055,1
181056,1
181057,1
181058,1
181059,1
181060,0
181061,0
181062,1
181063,1
181064,1
181065,1
181066,0
181067,1
181068,1
181069,0
181070,1
181071,1
181072,0
181073,1
181074,0
181075,0
181076,0
181077,0
181078,1
181079,1
181080,0
181081,1
181082,0
181083,1
181084,0
181085,1
181086,1
181087,1
181088,1
181089,0
181090,1
181091,0
181092,1
181093,0
181094,0
181095,0
181096,0
181097,1
181098,1
181099,1
181100,1
181101,0
181102,0
181103,1
181104,1
181105,0
181106,1
181107,1
181108,1
181109,0
181110,0
181111,1
181112,0
181113,1
181114,0
181115,1
181116,1
181117,1
181118,0
181119,1
181120,0
181121,0
181122,1
181123,1
181124,1
181125,0
181126,0
181127,1
181128,1
181129,1
181130,0
181131,1
181132,1
181133,1
181134,1
181135,0
181136,0
181137,1
181138,0
181139,1
181140,0
181141,0
181142,0
181143,1
181144,0
181145,1
181146,1
181147,1
181148,1
181149,1
181150,0
181151,1
181152,1
181153,0
181154,0
181155,0
181156,1
181157,1
181158,0
181159,0
181160,0
181161,1
181162,1
181163,0
181164,0
181165,0
181166,1
181167,0
181168,1
181169,1
181170,1
181171,1
181172,1
181173,1
181174,1
181175,0
181176,0
181177,0
181178,1
181179,1
181180,1
181181,0
181182,1
181183,0
181184,0
181185,1
181186,1
181187,1
181188,1
181189,0
181190,0
181191,0
181192,1
181193,0
181194,0
181195,1
181196,0
181197,0
181198,1
181199,0
181200,0
181201,1
181202,0
181203,1
181204,0
181205,0
181206,0
181207,1
181208,0
181209,0
181210,0
181211,1
181212,0
181213,1
181214,1
181215,1
181216,1
181217,1
181218,0
181219,0
181220,1
181221,0
181222,1
181223,0
181224,0
181225,0
181226,0
181227,0
181228,0
181229,0
181230,0
181231,0
181232,1
181233,1
181234,0
181235,0
181236,0
181237,1
181238,0
181239,0
181240,0
181241,1
181242,0
181243,1
181244,1
181245,0
181246,0
181247,0
181248,1
181249,1
181250,1
181251,0
181252,1
181253,1
181254,0
181255,1
181256,1
181257,1
181258,1
181259,0
181260,1
181261,0
181262,0
181263,0
181264,0
181265,0
181266,0
181267,1
181268,1
181269,0
181270,1
181271,0
181272,0
181273,1
181274,1
181275,1
181276,1
181277,1
181278,1
181279,1
181280,1
181281,0
181282,1
181283,1
181284,0
181285,0
181286,1
181287,0
181288,0
181289,0
181290,0
181291,1
181292,1
181293,0
181294,0
181295,0
181296,0
181297,1
181298,1
181299,1
181300,1
181301,0
181302,0
181303,0
181304,1
181305,0
181306,0
181307,0
181308,1
181309,0
181310,0
181311,1
181312,1
181313,1
181314,1
181315,0
181316,1
181317,0
181318,1
181319,0
181320,1
181321,1
181322,1
181323,1
181324,1
181325,0
181326,0
181327,1
181328,1
181329,0
181330,0
181331,0
181332,1
181333,0
181334,0
181335,0
181336,0
181337,0
181338,1
181339,0
181340,1
181341,0
181342,0
181343,0
181344,1
181345,1
181346,0
181347,0
181348,1
181349,1
181350,1
181351,0
181352,1
181353,0
181354,0
181355,1
181356,1
181357,1
181358,1
181359,1
181360,0
181361,0
181362,1
181363,0
181364,0
181365,0
181366,1
181367,0
181368,0
181369,0
181370,0
181371,1
181372,0
181373,1
181374,0
181375,0
181376,1
181377,0
181378,0
181379,1
181380,1
181381,0
181382,1
181383,1
181384,1
181385,0
181386,0
181387,1
181388,0
181389,1
181390,1
181391,0
181392,0
181393,0
181394,1
181395,0
181396,0
181397,1
181398,0
181399,0
181400,0
181401,0
181402,0
181403,1
181404,0
181405,1
181406,1
181407,1
181408,1
181409,1
181410,1
181411,0
181412,1
181413,1
181414,0
181415,1
181416,1
181417,1
181418,0
181419,1
181420,0
181421,0
181422,1
181423,1
181424,0
181425,1
181426,0
181427,0
181428,0
181429,1
181430,1
181431,0
181432,1
181433,1
181434,1
181435,0
181436,0
181437,0
181438,1
181439,0
181440,1
181441,0
181442,0
181443,0
181444,0
181445,1
181446,1
181447,1
181448,1
181449,0
181450,0
181451,1
181452,1
181453,1
181454,1
181455,1
181456,0
181457,1
181458,1
181459,0
181460,1
181461,1
181462,0
181463,0
181464,0
181465,0
181466,0
181467,1
181468,1
181469,1
181470,0
181471,1
181472,1
181473,0
181474,1
181475,1
181476,0
181477,1
181478,1
181479,0
181480,0
181481,0
181482,1
181483,0
181484,1
181485,1
181486,0
181487,0
181488,1
181489,1
181490,1
181491,0
181492,1
181493,0
181494,1
181495,1
181496,0
181497,1
181498,1
181499,0
181500,0
181501,1
181502,0
181503,1
181504,0
181505,1
181506,1
181507,0
181508,1
181509,1
181510,0
181511,0
181512,1
181513,1
181514,1
181515,1
181516,1
181517,1
181518,1
181519,1
181520,1
181521,1
181522,1
181523,0
181524,1
181525,0
181526,0
181527,1
181528,0
181529,0
181530,0
181531,0
181532,0
181533,1
181534,0
181535,1
181536,0
181537,1
181538,1
181539,1
181540,1
181541,1
181542,1
181543,0
181544,0
181545,1
181546,1
181547,1
181548,0
181549,0
181550,0
181551,1
181552,0
181553,0
181554,0
181555,1
181556,1
181557,1
181558,1
181559,1
181560,1
181561,1
181562,1
181563,1
181564,1
181565,1
181566,1
181567,0
181568,1
181569,0
181570,1
181571,1
181572,1
181573,0
181574,1
181575,1
181576,0
181577,1
181578,1
181579,0
181580,0
181581,1
181582,1
181583,0
181584,1
181585,1
181586,1
181587,1
181588,1
181589,0
181590,0
181591,1
181592,1
181593,1
181594,0
181595,0
181596,1
181597,1
181598,1
181599,1
181600,1
181601,1
181602,1
181603,1
181604,1
181605,1
181606,1
181607,1
181608,0
181609,1
181610,0
181611,0
181612,0
181613,0
181614,1
181615,1
181616,1
181617,1
181618,0
181619,0
181620,0
181621,0
181622,1
181623,1
181624,0
181625,1
181626,0
181627,0
181628,0
181629,0
181630,0
181631,0
181632,1
181633,1
181634,1
181635,0
181636,0
181637,1
181638,0
181639,1
181640,1
181641,0
181642,0
181643,1
181644,0
181645,0
181646,1
181647,1
181648,0
181649,0
181650,1
181651,0
181652,0
181653,1
181654,0
181655,0
181656,1
181657,1
181658,1
181659,1
181660,0
181661,0
181662,0
181663,1
181664,0
181665,1
181666,0
181667,0
181668,0
181669,0
181670,1
181671,0
181672,1
181673,1
181674,0
181675,1
181676,0
181677,1
181678,0
181679,0
181680,1
181681,0
181682,1
181683,1
181684,1
181685,0
181686,1
181687,0
181688,1
181689,1
181690,0
181691,0
181692,0
181693,1
181694,0
181695,0
181696,1
181697,0
181698,1
181699,0
181700,0
181701,1
181702,1
181703,0
181704,1
181705,1
181706,1
181707,0
181708,1
181709,0
181710,1
181711,0
181712,1
181713,0
181714,1
181715,0
181716,1
181717,1
181718,1
181719,1
181720,1
181721,0
181722,1
181723,1
181724,1
181725,0
181726,0
181727,0
181728,1
181729,1
181730,1
181731,1
181732,1
181733,1
181734,0
181735,1
181736,1
181737,1
181738,1
181739,0
181740,1
181741,0
181742,1
181743,0
181744,1
181745,1
181746,0
181747,0
181748,1
181749,1
181750,0
181751,1
181752,0
181753,0
181754,1
181755,0
181756,0
181757,1
181758,0
181759,0
181760,1
181761,1
181762,1
181763,1
181764,0
181765,1
181766,0
181767,0
181768,1
181769,0
181770,1
181771,1
181772,0
181773,1
181774,1
181775,0
181776,1
181777,0
181778,1
181779,1
181780,0
181781,1
181782,1
181783,0
181784,1
181785,1
181786,1
181787,0
181788,0
181789,1
181790,1
181791,0
181792,1
181793,1
181794,1
181795,0
181796,0
181797,0
181798,0
181799,1
181800,1
181801,0
181802,1
181803,1
181804,1
181805,1
181806,0
181807,1
181808,0
181809,0
181810,1
181811,0
181812,0
181813,1
181814,1
181815,0
181816,1
181817,1
181818,0
181819,1
181820,0
181821,0
181822,0
181823,0
181824,0
181825,1
181826,0
181827,0
181828,1
181829,0
181830,0
181831,1
181832,0
181833,1
181834,1
181835,1
181836,0
181837,1
181838,1
181839,0
181840,0
181841,1
181842,1
181843,0
181844,0
181845,1
181846,1
181847,0
181848,0
181849,0
181850,0
181851,1
181852,1
181853,0
181854,1
181855,0
181856,0
181857,1
181858,1
181859,0
181860,1
181861,0
181862,0
181863,1
181864,1
181865,1
181866,0
181867,1
181868,1
181869,0
181870,1
181871,0
181872,1
181873,1
181874,1
181875,1
181876,1
181877,0
181878,0
181879,0
181880,0
181881,0
181882,1
181883,0
181884,0
181885,0
181886,1
181887,1
181888,0
181889,0
181890,1
181891,1
181892,1
181893,1
181894,1
181895,1
181896,0
181897,0
181898,0
181899,1
181900,0
181901,1
181902,0
181903,1
181904,0
181905,0
181906,1
181907,1
181908,1
181909,0
181910,1
181911,1
181912,1
181913,0
181914,0
181915,0
181916,0
181917,0
181918,1
181919,0
181920,1
181921,1
181922,0
181923,1
181924,0
181925,0
181926,1
181927,1
181928,0
181929,0
181930,1
181931,1
181932,1
181933,0
181934,0
181935,1
181936,0
181937,1
181938,0
181939,0
181940,1
181941,1
181942,0
181943,1
181944,1
181945,0
181946,0
181947,0
181948,0
181949,1
181950,0
181951,0
181952,0
181953,1
181954,0
181955,0
181956,0
181957,0
181958,1
181959,0
181960,1
181961,1
181962,0
181963,1
181964,1
181965,1
181966,0
181967,1
181968,1
181969,0
181970,1
181971,1
181972,1
181973,1
181974,1
181975,1
181976,0
181977,1
181978,0
181979,1
181980,0
181981,0
181982,1
181983,1
181984,1
181985,1
181986,1
181987,0
181988,1
181989,0
181990,1
181991,1
181992,1
181993,1
181994,1
181995,1
181996,1
181997,1
181998,0
181999,0
182000,0
182001,0
182002,1
182003,1
182004,1
182005,0
182006,1
182007,1
182008,1
182009,1
182010,1
182011,1
182012,1
182013,0
182014,1
182015,1
182016,1
182017,1
182018,1
182019,1
182020,1
182021,0
182022,0
182023,0
182024,0
182025,1
182026,1
182027,0
182028,0
182029,0
182030,1
182031,1
182032,0
182033,1
182034,1
182035,1
182036,1
182037,1
182038,0
182039,1
182040,1
182041,0
182042,1
182043,0
182044,1
182045,1
182046,1
182047,0
182048,0
182049,0
182050,1
182051,0
182052,1
182053,1
182054,1
182055,0
182056,0
182057,1
182058,0
182059,0
182060,1
182061,1
182062,1
182063,1
182064,1
182065,1
182066,0
182067,1
182068,0
182069,0
182070,1
182071,1
182072,1
182073,1
182074,0
182075,0
182076,1
182077,1
182078,0
182079,1
182080,0
182081,1
182082,1
182083,0
182084,1
182085,1
182086,0
182087,1
182088,1
182089,0
182090,0
182091,1
182092,0
182093,1
182094,1
182095,1
182096,0
182097,1
182098,1
182099,1
182100,0
182101,1
182102,1
182103,1
182104,1
182105,1
182106,0
182107,1
182108,0
182109,1
182110,0
182111,0
182112,1
182113,0
182114,1
182115,0
182116,0
182117,0
182118,1
182119,0
182120,1
182121,0
182122,1
182123,0
182124,0
182125,1
182126,0
182127,1
182128,1
182129,0
182130,0
182131,0
182132,1
182133,1
182134,0
182135,0
182136,1
182137,0
182138,1
182139,1
182140,0
182141,0
182142,1
182143,1
182144,1
182145,0
182146,1
182147,0
182148,0
182149,1
182150,0
182151,1
182152,0
182153,0
182154,0
182155,1
182156,1
182157,1
182158,1
182159,1
182160,1
182161,1
182162,1
182163,1
182164,1
182165,1
182166,1
182167,1
182168,1
182169,1
182170,1
182171,1
182172,1
182173,0
182174,1
182175,1
182176,1
182177,1
182178,0
182179,1
182180,1
182181,0
182182,1
182183,1
182184,0
182185,1
182186,1
182187,1
182188,0
182189,1
182190,1
182191,0
182192,1
182193,1
182194,0
182195,1
182196,0
182197,1
182198,1
182199,0
182200,0
182201,0
182202,1
182203,0
182204,0
182205,0
182206,0
182207,1
182208,1
182209,1
182210,0
182211,1
182212,1
182213,1
182214,1
182215,0
182216,1
182217,0
182218,1
182219,0
182220,1
182221,0
182222,1
182223,0
182224,1
182225,1
182226,0
182227,1
182228,1
182229,1
182230,1
182231,0
182232,1
182233,0
182234,0
182235,1
182236,0
182237,1
182238,1
182239,0
182240,0
182241,1
182242,1
182243,1
182244,0
182245,0
182246,0
182247,1
182248,1
182249,1
182250,1
182251,1
182252,1
182253,1
182254,0
182255,1
182256,0
182257,1
182258,0
182259,0
182260,0
182261,0
182262,0
182263,0
182264,0
182265,0
182266,0
182267,0
182268,0
182269,0
182270,0
182271,0
182272,0
182273,0
182274,0
182275,0
182276,0
182277,0
182278,0
182279,0
182280,0
182281,0
182282,0
182283,0
182284,0
182285,0
182286,0
182287,0
182288,0
182289,0
182290,0
182291,0
182292,0
182293,1
182294,0
182295,0
182296,0
182297,1
182298,1
182299,0
182300,0
182301,0
182302,0
182303,0
182304,0
182305,0
182306,0
182307,0
182308,0
182309,1
182310,0
182311,0
182312,0
182313,0
182314,0
182315,1
182316,0
182317,0
182318,0
182319,0
182320,0
182321,0
182322,0
182323,0
182324,0
182325,0
182326,0
182327,0
182328,0
182329,0
182330,0
182331,0
182332,1
182333,0
182334,0
182335,1
182336,0
182337,1
182338,1
182339,1
182340,1
182341,0
182342,0
182343,0
182344,1
182345,0
182346,0
182347,0
182348,1
182349,0
182350,0
182351,0
182352,1
182353,0
182354,0
182355,0
182356,1
182357,1
182358,1
182359,0
182360,1
182361,1
182362,1
182363,0
182364,0
182365,1
182366,0
182367,1
182368,1
182369,0
182370,0
182371,1
182372,0
182373,0
182374,0
182375,0
182376,0
182377,1
182378,1
182379,0
182380,0
182381,1
182382,0
182383,1
182384,0
182385,1
182386,0
182387,1
182388,0
182389,0
182390,0
182391,1
182392,0
182393,1
182394,1
182395,1
182396,0
182397,1
182398,0
182399,0
182400,1
182401,1
182402,1
182403,0
182404,0
182405,0
182406,1
182407,1
182408,1
182409,1
182410,0
182411,0
182412,0
182413,1
182414,0
182415,0
182416,0
182417,1
182418,0
182419,0
182420,0
182421,1
182422,1
182423,1
182424,0
182425,0
182426,0
182427,1
182428,0
182429,1
182430,0
182431,1
182432,0
182433,1
182434,0
182435,0
182436,1
182437,0
182438,1
182439,0
182440,1
182441,0
182442,1
182443,1
182444,0
182445,0
182446,1
182447,1
182448,1
182449,1
182450,1
182451,0
182452,1
182453,0
182454,0
182455,1
182456,0
182457,1
182458,1
182459,0
182460,0
182461,1
182462,0
182463,0
182464,0
182465,0
182466,0
182467,1
182468,0
182469,0
182470,0
182471,1
182472,1
182473,1
182474,0
182475,1
182476,1
182477,0
182478,1
182479,0
182480,1
182481,1
182482,0
182483,0
182484,1
182485,0
182486,1
182487,1
182488,1
182489,1
182490,0
182491,0
182492,1
182493,0
182494,0
182495,1
182496,1
182497,0
182498,0
182499,0
182500,1
182501,0
182502,1
182503,1
182504,1
182505,1
182506,1
182507,1
182508,0
182509,1
182510,0
182511,1
182512,0
182513,1
182514,0
182515,1
182516,0
182517,1
182518,1
182519,0
182520,1
182521,1
182522,1
182523,0
182524,1
182525,0
182526,1
182527,0
182528,1
182529,1
182530,1
182531,0
182532,1
182533,1
182534,1
182535,1
182536,0
182537,0
182538,1
182539,1
182540,1
182541,1
182542,0
182543,1
182544,1
182545,0
182546,1
182547,1
182548,1
182549,1
182550,1
182551,1
182552,1
182553,1
182554,0
182555,1
182556,1
182557,1
182558,0
182559,1
182560,0
182561,1
182562,1
182563,1
182564,0
182565,0
182566,1
182567,1
182568,0
182569,1
182570,0
182571,0
182572,1
182573,0
182574,1
182575,1
182576,1
182577,1
182578,1
182579,1
182580,1
182581,0
182582,0
182583,0
182584,1
182585,0
182586,0
182587,0
182588,0
182589,1
182590,1
182591,0
182592,0
182593,0
182594,0
182595,0
182596,0
182597,0
182598,0
182599,1
182600,1
182601,0
182602,0
182603,0
182604,0
182605,1
182606,1
182607,1
182608,1
182609,0
182610,0
182611,0
182612,0
182613,1
182614,0
182615,1
182616,1
182617,0
182618,1
182619,0
182620,0
182621,0
182622,1
182623,1
182624,1
182625,1
182626,0
182627,0
182628,0
182629,0
182630,0
182631,0
182632,0
182633,1
182634,0
182635,1
182636,1
182637,0
182638,0
182639,0
182640,1
182641,1
182642,0
182643,1
182644,0
182645,1
182646,0
182647,1
182648,0
182649,1
182650,0
182651,0
182652,0
182653,1
182654,0
182655,0
182656,1
182657,1
182658,0
182659,0
182660,1
182661,1
182662,0
182663,0
182664,1
182665,1
182666,0
182667,1
182668,1
182669,1
182670,0
182671,1
182672,1
182673,1
182674,0
182675,1
182676,0
182677,0
182678,0
182679,0
182680,0
182681,1
182682,0
182683,1
182684,1
182685,0
182686,0
182687,1
182688,0
182689,1
182690,0
182691,0
182692,1
182693,0
182694,0
182695,0
182696,0
182697,1
182698,0
182699,1
182700,0
182701,0
182702,1
182703,1
182704,1
182705,1
182706,0
182707,0
182708,0
182709,1
182710,1
182711,0
182712,1
182713,1
182714,0
182715,1
182716,0
182717,1
182718,0
182719,1
182720,1
182721,0
182722,1
182723,1
182724,1
182725,0
182726,0
182727,1
182728,0
182729,1
182730,0
182731,0
182732,1
182733,0
182734,0
182735,1
182736,1
182737,0
182738,1
182739,0
182740,0
182741,1
182742,0
182743,1
182744,1
182745,0
182746,1
182747,1
182748,1
182749,1
182750,0
182751,0
182752,1
182753,0
182754,1
182755,1
182756,0
182757,1
182758,1
182759,1
182760,1
182761,0
182762,1
182763,0
182764,1
182765,1
182766,0
182767,1
182768,0
182769,1
182770,1
182771,1
182772,0
182773,0
182774,1
182775,1
182776,1
182777,1
182778,1
182779,0
182780,1
182781,0
182782,0
182783,0
182784,1
182785,0
182786,0
182787,1
182788,1
182789,0
182790,1
182791,1
182792,1
182793,0
182794,0
182795,0
182796,0
182797,1
182798,0
182799,1
182800,1
182801,1
182802,0
182803,1
182804,0
182805,0
182806,1
182807,0
182808,0
182809,1
182810,1
182811,1
182812,0
182813,1
182814,1
182815,0
182816,0
182817,1
182818,1
182819,1
182820,1
182821,1
182822,1
182823,0
182824,0
182825,0
182826,1
182827,1
182828,0
182829,1
182830,1
182831,0
182832,0
182833,1
182834,1
182835,1
182836,1
182837,0
182838,0
182839,1
182840,1
182841,0
182842,1
182843,1
182844,0
182845,0
182846,0
182847,0
182848,0
182849,0
182850,1
182851,0
182852,1
182853,1
182854,1
182855,0
182856,0
182857,1
182858,1
182859,1
182860,1
182861,0
182862,1
182863,0
182864,0
182865,0
182866,1
182867,0
182868,1
182869,1
182870,0
182871,1
182872,1
182873,1
182874,1
182875,1
182876,0
182877,0
182878,1
182879,0
182880,0
182881,1
182882,1
182883,0
182884,0
182885,1
182886,1
182887,0
182888,1
182889,0
182890,0
182891,0
182892,1
182893,0
182894,1
182895,0
182896,0
182897,1
182898,1
182899,1
182900,1
182901,0
182902,0
182903,0
182904,1
182905,1
182906,0
182907,1
182908,0
182909,0
182910,1
182911,0
182912,0
182913,1
182914,1
182915,1
182916,1
182917,1
182918,0
182919,0
182920,0
182921,0
182922,0
182923,0
182924,0
182925,0
182926,1
182927,1
182928,1
182929,1
182930,0
182931,1
182932,0
182933,0
182934,0
182935,1
182936,0
182937,0
182938,1
182939,0
182940,1
182941,1
182942,1
182943,1
182944,0
182945,0
182946,0
182947,1
182948,0
182949,0
182950,1
182951,1
182952,0
182953,0
182954,0
182955,0
182956,1
182957,0
182958,0
182959,0
182960,1
182961,0
182962,1
182963,1
182964,0
182965,0
182966,0
182967,0
182968,1
182969,0
182970,1
182971,1
182972,1
182973,0
182974,0
182975,1
182976,0
182977,1
182978,1
182979,1
182980,1
182981,1
182982,1
182983,0
182984,0
182985,0
182986,0
182987,1
182988,1
182989,1
182990,1
182991,0
182992,1
182993,0
182994,0
182995,0
182996,1
182997,0
182998,1
182999,0
183000,0
183001,0
183002,1
183003,1
183004,0
183005,0
183006,1
183007,1
183008,1
183009,1
183010,0
183011,1
183012,1
183013,0
183014,0
183015,1
183016,0
183017,1
183018,1
183019,0
183020,0
183021,0
183022,0
183023,0
183024,0
183025,1
183026,0
183027,1
183028,1
183029,0
183030,0
183031,1
183032,1
183033,1
183034,1
183035,1
183036,0
183037,1
183038,1
183039,0
183040,1
183041,1
183042,1
183043,1
183044,1
183045,0
183046,1
183047,0
183048,0
183049,0
183050,1
183051,1
183052,0
183053,1
183054,1
183055,1
183056,1
183057,1
183058,1
183059,1
183060,0
183061,0
183062,1
183063,1
183064,0
183065,1
183066,0
183067,1
183068,0
183069,0
183070,1
183071,1
183072,1
183073,1
183074,0
183075,1
183076,0
183077,0
183078,1
183079,1
183080,1
183081,1
183082,1
183083,1
183084,1
183085,1
183086,1
183087,0
183088,1
183089,0
183090,1
183091,1
183092,1
183093,1
183094,1
183095,0
183096,0
183097,0
183098,1
183099,1
183100,1
183101,1
183102,1
183103,1
183104,1
183105,0
183106,1
183107,1
183108,0
183109,1
183110,0
183111,0
183112,0
183113,1
183114,1
183115,1
183116,1
183117,1
183118,1
183119,1
183120,1
183121,1
183122,0
183123,1
183124,1
183125,1
183126,1
183127,0
183128,1
183129,1
183130,1
183131,1
183132,1
183133,0
183134,0
183135,1
183136,1
183137,0
183138,1
183139,1
183140,1
183141,0
183142,1
183143,1
183144,0
183145,1
183146,1
183147,1
183148,1
183149,1
183150,1
183151,1
183152,0
183153,1
183154,1
183155,0
183156,0
183157,1
183158,1
183159,0
183160,0
183161,1
183162,0
183163,1
183164,1
183165,1
183166,1
183167,1
183168,0
183169,0
183170,0
183171,1
183172,1
183173,0
183174,1
183175,0
183176,1
183177,0
183178,0
183179,0
183180,1
183181,0
183182,1
183183,0
183184,1
183185,0
183186,0
183187,0
183188,1
183189,1
183190,1
183191,1
183192,0
183193,1
183194,0
183195,0
183196,0
183197,0
183198,1
183199,1
183200,0
183201,0
183202,0
183203,1
183204,0
183205,1
183206,0
183207,1
183208,0
183209,1
183210,1
183211,0
183212,0
183213,0
183214,1
183215,1
183216,0
183217,1
183218,1
183219,0
183220,0
183221,1
183222,1
183223,1
183224,0
183225,1
183226,0
183227,0
183228,1
183229,0
183230,1
183231,0
183232,1
183233,0
183234,0
183235,1
183236,0
183237,1
183238,0
183239,1
183240,0
183241,1
183242,1
183243,1
183244,1
183245,0
183246,0
183247,1
183248,0
183249,0
183250,0
183251,0
183252,0
183253,0
183254,0
183255,1
183256,1
183257,0
183258,1
183259,1
183260,0
183261,1
183262,0
183263,0
183264,1
183265,0
183266,0
183267,1
183268,1
183269,0
183270,0
183271,1
183272,1
183273,1
183274,1
183275,1
183276,0
183277,1
183278,0
183279,1
183280,0
183281,0
183282,1
183283,0
183284,1
183285,1
183286,0
183287,0
183288,1
183289,1
183290,1
183291,1
183292,1
183293,1
183294,0
183295,0
183296,0
183297,1
183298,1
183299,0
183300,0
183301,1
183302,1
183303,0
183304,1
183305,0
183306,0
183307,1
183308,1
183309,1
183310,1
183311,0
183312,0
183313,1
183314,0
183315,0
183316,0
183317,1
183318,1
183319,1
183320,0
183321,1
183322,0
183323,1
183324,0
183325,1
183326,0
183327,1
183328,0
183329,1
183330,0
183331,1
183332,0
183333,1
183334,0
183335,0
183336,0
183337,1
183338,0
183339,0
183340,0
183341,0
183342,1
183343,0
183344,0
183345,0
183346,0
183347,1
183348,1
183349,1
183350,1
183351,1
183352,1
183353,1
183354,0
183355,1
183356,1
183357,1
183358,1
183359,1
183360,1
183361,0
183362,1
183363,1
183364,0
183365,1
183366,0
183367,1
183368,0
183369,0
183370,0
183371,1
183372,1
183373,0
183374,0
183375,0
183376,0
183377,0
183378,0
183379,1
183380,0
183381,1
183382,1
183383,1
183384,1
183385,0
183386,1
183387,0
183388,1
183389,0
183390,0
183391,1
183392,0
183393,1
183394,1
183395,0
183396,1
183397,1
183398,1
183399,1
183400,0
183401,0
183402,1
183403,0
183404,0
183405,0
183406,1
183407,1
183408,0
183409,0
183410,0
183411,1
183412,1
183413,1
183414,0
183415,0
183416,0
183417,1
183418,0
183419,0
183420,1
183421,1
183422,0
183423,1
183424,1
183425,1
183426,1
183427,1
183428,0
183429,0
183430,1
183431,0
183432,0
183433,0
183434,0
183435,0
183436,1
183437,1
183438,0
183439,0
183440,0
183441,1
183442,0
183443,1
183444,1
183445,1
183446,0
183447,0
183448,0
183449,1
183450,1
183451,0
183452,0
183453,1
183454,0
183455,1
183456,0
183457,1
183458,0
183459,0
183460,0
183461,0
183462,1
183463,0
183464,1
183465,0
183466,1
183467,1
183468,0
183469,1
183470,0
183471,1
183472,0
183473,1
183474,0
183475,0
183476,1
183477,0
183478,0
183479,0
183480,1
183481,0
183482,1
183483,1
183484,1
183485,0
183486,0
183487,1
183488,1
183489,0
183490,1
183491,1
183492,0
183493,1
183494,1
183495,1
183496,0
183497,1
183498,0
183499,1
183500,0
183501,1
183502,1
183503,0
183504,0
183505,0
183506,0
183507,1
183508,1
183509,1
183510,0
183511,0
183512,0
183513,1
183514,1
183515,0
183516,0
183517,0
183518,1
183519,0
183520,0
183521,0
183522,1
183523,1
183524,1
183525,1
183526,1
183527,1
183528,1
183529,1
183530,1
183531,1
183532,1
183533,0
183534,0
183535,1
183536,0
183537,0
183538,1
183539,0
183540,0
183541,1
183542,1
183543,0
183544,0
183545,1
183546,0
183547,1
183548,1
183549,0
183550,1
183551,1
183552,0
183553,1
183554,1
183555,1
183556,0
183557,1
183558,0
183559,1
183560,0
183561,0
183562,1
183563,0
183564,0
183565,1
183566,1
183567,1
183568,0
183569,0
183570,0
183571,0
183572,1
183573,0
183574,0
183575,0
183576,1
183577,0
183578,1
183579,0
183580,0
183581,0
183582,0
183583,1
183584,0
183585,0
183586,0
183587,0
183588,0
183589,1
183590,1
183591,1
183592,1
183593,1
183594,0
183595,1
183596,0
183597,1
183598,0
183599,1
183600,1
183601,0
183602,1
183603,0
183604,0
183605,0
183606,0
183607,1
183608,0
183609,0
183610,0
183611,0
183612,1
183613,1
183614,1
183615,1
183616,0
183617,1
183618,1
183619,0
183620,1
183621,1
183622,1
183623,1
183624,0
183625,0
183626,0
183627,1
183628,0
183629,0
183630,0
183631,0
183632,1
183633,1
183634,0
183635,0
183636,1
183637,1
183638,0
183639,0
183640,0
183641,0
183642,1
183643,0
183644,1
183645,0
183646,0
183647,0
183648,1
183649,0
183650,1
183651,1
183652,0
183653,1
183654,1
183655,0
183656,1
183657,0
183658,1
183659,0
183660,0
183661,0
183662,1
183663,1
183664,0
183665,1
183666,0
183667,0
183668,0
183669,1
183670,0
183671,0
183672,1
183673,0
183674,0
183675,0
183676,0
183677,1
183678,1
183679,0
183680,1
183681,1
183682,0
183683,0
183684,0
183685,1
183686,0
183687,1
183688,0
183689,0
183690,1
183691,0
183692,0
183693,0
183694,0
183695,1
183696,1
183697,1
183698,0
183699,0
183700,0
183701,0
183702,1
183703,0
183704,0
183705,0
183706,0
183707,1
183708,0
183709,0
183710,0
183711,0
183712,0
183713,1
183714,0
183715,0
183716,0
183717,0
183718,0
183719,1
183720,0
183721,0
183722,0
183723,1
183724,1
183725,0
183726,0
183727,1
183728,0
183729,1
183730,1
183731,0
183732,0
183733,0
183734,0
183735,0
183736,0
183737,1
183738,1
183739,1
183740,0
183741,0
183742,1
183743,1
183744,0
183745,1
183746,1
183747,0
183748,1
183749,0
183750,1
183751,0
183752,1
183753,0
183754,0
183755,1
183756,0
183757,0
183758,0
183759,0
183760,1
183761,1
183762,1
183763,0
183764,0
183765,0
183766,0
183767,1
183768,0
183769,1
183770,1
183771,0
183772,0
183773,0
183774,1
183775,0
183776,1
183777,0
183778,1
183779,0
183780,0
183781,0
183782,0
183783,0
183784,0
183785,0
183786,0
183787,1
183788,1
183789,0
183790,1
183791,0
183792,1
183793,1
183794,0
183795,1
183796,1
183797,0
183798,0
183799,0
183800,1
183801,0
183802,1
183803,0
183804,0
183805,0
183806,0
183807,0
183808,1
183809,0
183810,1
183811,1
183812,1
183813,1
183814,0
183815,1
183816,1
183817,0
183818,0
183819,0
183820,0
183821,0
183822,0
183823,0
183824,0
183825,1
183826,1
183827,1
183828,1
183829,1
183830,0
183831,0
183832,1
183833,0
183834,1
183835,0
183836,0
183837,0
183838,0
183839,0
183840,0
183841,1
183842,0
183843,0
183844,0
183845,0
183846,1
183847,0
183848,0
183849,1
183850,0
183851,1
183852,0
183853,1
183854,0
183855,1
183856,0
183857,1
183858,1
183859,0
183860,1
183861,0
183862,0
183863,1
183864,0
183865,0
183866,1
183867,1
183868,0
183869,1
183870,0
183871,0
183872,0
183873,1
183874,1
183875,1
183876,1
183877,1
183878,1
183879,1
183880,1
183881,0
183882,1
183883,0
183884,0
183885,1
183886,1
183887,0
183888,0
183889,0
183890,0
183891,0
183892,0
183893,0
183894,0
183895,1
183896,1
183897,1
183898,0
183899,1
183900,1
183901,0
183902,1
183903,1
183904,1
183905,1
183906,1
183907,0
183908,1
183909,0
183910,1
183911,0
183912,1
183913,0
183914,0
183915,1
183916,1
183917,0
183918,1
183919,0
183920,0
183921,0
183922,1
183923,0
183924,0
183925,0
183926,0
183927,1
183928,1
183929,0
183930,0
183931,1
183932,0
183933,0
183934,0
183935,1
183936,0
183937,1
183938,0
183939,0
183940,0
183941,0
183942,0
183943,0
183944,1
183945,1
183946,0
183947,1
183948,0
183949,0
183950,1
183951,1
183952,1
183953,1
183954,1
183955,0
183956,0
183957,0
183958,0
183959,0
183960,0
183961,0
183962,1
183963,1
183964,0
183965,1
183966,1
183967,1
183968,1
183969,1
183970,0
183971,1
183972,0
183973,1
183974,0
183975,1
183976,0
183977,0
183978,0
183979,0
183980,0
183981,1
183982,1
183983,1
183984,0
183985,1
183986,1
183987,1
183988,1
183989,1
183990,1
183991,1
183992,1
183993,1
183994,0
183995,0
183996,1
183997,0
183998,1
183999,0
184000,1
184001,1
184002,1
184003,1
184004,1
184005,0
184006,1
184007,1
184008,1
184009,0
184010,1
184011,0
184012,1
184013,1
184014,0
184015,1
184016,0
184017,1
184018,1
184019,0
184020,1
184021,1
184022,0
184023,1
184024,1
184025,1
184026,0
184027,1
184028,1
184029,0
184030,0
184031,1
184032,1
184033,1
184034,0
184035,1
184036,1
184037,1
184038,1
184039,0
184040,1
184041,1
184042,1
184043,0
184044,0
184045,1
184046,1
184047,1
184048,1
184049,1
184050,0
184051,0
184052,1
184053,1
184054,1
184055,0
184056,0
184057,0
184058,1
184059,1
184060,1
184061,1
184062,0
184063,1
184064,0
184065,0
184066,0
184067,0
184068,1
184069,1
184070,0
184071,0
184072,1
184073,1
184074,1
184075,1
184076,0
184077,1
184078,0
184079,0
184080,1
184081,0
184082,1
184083,0
184084,0
184085,0
184086,1
184087,1
184088,0
184089,0
184090,0
184091,0
184092,1
184093,0
184094,1
184095,0
184096,1
184097,0
184098,0
184099,0
184100,0
184101,1
184102,1
184103,0
184104,0
184105,1
184106,1
184107,0
184108,0
184109,1
184110,0
184111,0
184112,0
184113,1
184114,0
184115,1
184116,1
184117,1
184118,1
184119,1
184120,0
184121,1
184122,1
184123,0
184124,1
184125,1
184126,0
184127,1
184128,1
184129,1
184130,1
184131,0
184132,0
184133,1
184134,0
184135,1
184136,0
184137,0
184138,1
184139,1
184140,0
184141,1
184142,1
184143,1
184144,1
184145,1
184146,0
184147,0
184148,1
184149,0
184150,1
184151,1
184152,1
184153,1
184154,1
184155,0
184156,1
184157,1
184158,0
184159,0
184160,0
184161,1
184162,0
184163,0
184164,0
184165,1
184166,0
184167,0
184168,1
184169,0
184170,1
184171,1
184172,0
184173,0
184174,1
184175,0
184176,1
184177,1
184178,1
184179,1
184180,0
184181,0
184182,1
184183,1
184184,1
184185,1
184186,1
184187,0
184188,0
184189,1
184190,0
184191,1
184192,1
184193,0
184194,1
184195,0
184196,0
184197,0
184198,1
184199,0
184200,1
184201,0
184202,1
184203,1
184204,1
184205,1
184206,1
184207,1
184208,0
184209,0
184210,1
184211,0
184212,1
184213,1
184214,0
184215,0
184216,0
184217,0
184218,0
184219,0
184220,0
184221,0
184222,1
184223,1
184224,0
184225,0
184226,1
184227,0
184228,0
184229,0
184230,0
184231,0
184232,0
184233,1
184234,0
184235,0
184236,1
184237,1
184238,0
184239,1
184240,1
184241,0
184242,1
184243,1
184244,1
184245,0
184246,0
184247,1
184248,0
184249,1
184250,1
184251,0
184252,0
184253,1
184254,0
184255,0
184256,0
184257,1
184258,1
184259,0
184260,0
184261,1
184262,0
184263,1
184264,0
184265,1
184266,0
184267,1
184268,1
184269,1
184270,1
184271,0
184272,1
184273,1
184274,1
184275,0
184276,0
184277,1
184278,0
184279,0
184280,1
184281,0
184282,1
184283,0
184284,0
184285,0
184286,0
184287,0
184288,0
184289,0
184290,0
184291,0
184292,0
184293,0
184294,0
184295,0
184296,0
184297,0
184298,1
184299,1
184300,0
184301,1
184302,0
184303,0
184304,1
184305,1
184306,1
184307,0
184308,1
184309,0
184310,0
184311,0
184312,1
184313,0
184314,1
184315,1
184316,1
184317,1
184318,0
184319,0
184320,0
184321,0
184322,1
184323,0
184324,0
184325,0
184326,0
184327,0
184328,1
184329,1
184330,1
184331,1
184332,0
184333,1
184334,1
184335,1
184336,0
184337,1
184338,0
184339,1
184340,0
184341,0
184342,1
184343,0
184344,0
184345,0
184346,0
184347,0
184348,0
184349,0
184350,0
184351,1
184352,1
184353,0
184354,0
184355,0
184356,0
184357,1
184358,0
184359,0
184360,1
184361,1
184362,0
184363,1
184364,0
184365,0
184366,0
184367,0
184368,0
184369,1
184370,1
184371,1
184372,1
184373,1
184374,0
184375,0
184376,0
184377,1
184378,1
184379,1
184380,0
184381,0
184382,0
184383,1
184384,0
184385,0
184386,0
184387,0
184388,0
184389,0
184390,0
184391,0
184392,1
184393,1
184394,0
184395,0
184396,0
184397,1
184398,1
184399,0
184400,1
184401,0
184402,1
184403,0
184404,1
184405,1
184406,0
184407,1
184408,0
184409,0
184410,0
184411,1
184412,1
184413,1
184414,1
184415,0
184416,1
184417,1
184418,1
184419,0
184420,1
184421,0
184422,1
184423,0
184424,1
184425,0
184426,1
184427,0
184428,1
184429,0
184430,0
184431,1
184432,1
184433,1
184434,1
184435,1
184436,0
184437,1
184438,1
184439,0
184440,1
184441,1
184442,1
184443,1
184444,1
184445,0
184446,0
184447,1
184448,1
184449,1
184450,0
184451,0
184452,1
184453,0
184454,1
184455,1
184456,0
184457,1
184458,1
184459,0
184460,1
184461,1
184462,0
184463,1
184464,0
184465,1
184466,0
184467,1
184468,0
184469,0
184470,1
184471,0
184472,1
184473,0
184474,1
184475,1
184476,1
184477,1
184478,1
184479,1
184480,0
184481,0
184482,1
184483,0
184484,0
184485,0
184486,0
184487,1
184488,0
184489,1
184490,0
184491,1
184492,0
184493,1
184494,1
184495,0
184496,1
184497,0
184498,0
184499,1
184500,0
184501,1
184502,1
184503,1
184504,0
184505,1
184506,0
184507,1
184508,1
184509,1
184510,1
184511,0
184512,1
184513,0
184514,1
184515,1
184516,1
184517,1
184518,1
184519,1
184520,1
184521,0
184522,0
184523,0
184524,0
184525,1
184526,1
184527,1
184528,1
184529,1
184530,1
184531,1
184532,1
184533,0
184534,0
184535,1
184536,0
184537,1
184538,1
184539,0
184540,0
184541,0
184542,1
184543,0
184544,0
184545,1
184546,1
184547,1
184548,1
184549,1
184550,0
184551,1
184552,0
184553,0
184554,0
184555,1
184556,0
184557,0
184558,1
184559,1
184560,1
184561,1
184562,1
184563,0
184564,0
184565,0
184566,0
184567,1
184568,1
184569,1
184570,0
184571,0
184572,1
184573,1
184574,1
184575,1
184576,1
184577,1
184578,0
184579,0
184580,0
184581,1
184582,0
184583,1
184584,0
184585,0
184586,0
184587,1
184588,0
184589,1
184590,0
184591,0
184592,1
184593,1
184594,0
184595,1
184596,0
184597,1
184598,0
184599,0
184600,1
184601,1
184602,1
184603,0
184604,0
184605,1
184606,1
184607,0
184608,1
184609,1
184610,1
184611,0
184612,0
184613,0
184614,1
184615,0
184616,1
184617,1
184618,1
184619,0
184620,1
184621,1
184622,0
184623,1
184624,1
184625,0
184626,1
184627,0
184628,0
184629,0
184630,0
184631,1
184632,1
184633,1
184634,0
184635,0
184636,0
184637,1
184638,0
184639,1
184640,0
184641,1
184642,1
184643,1
184644,1
184645,0
184646,0
184647,1
184648,1
184649,1
184650,0
184651,0
184652,0
184653,1
184654,1
184655,1
184656,1
184657,1
184658,0
184659,0
184660,1
184661,1
184662,1
184663,1
184664,0
184665,1
184666,1
184667,0
184668,1
184669,1
184670,0
184671,1
184672,0
184673,1
184674,0
184675,1
184676,1
184677,0
184678,0
184679,0
184680,0
184681,1
184682,0
184683,1
184684,1
184685,1
184686,0
184687,0
184688,1
184689,0
184690,1
184691,1
184692,0
184693,0
184694,0
184695,0
184696,0
184697,1
184698,0
184699,1
184700,1
184701,1
184702,1
184703,1
184704,1
184705,1
184706,0
184707,1
184708,0
184709,1
184710,1
184711,1
184712,1
184713,1
184714,1
184715,0
184716,1
184717,1
184718,1
184719,0
184720,1
184721,0
184722,1
184723,0
184724,1
184725,1
184726,1
184727,1
184728,0
184729,0
184730,1
184731,0
184732,1
184733,1
184734,1
184735,0
184736,0
184737,1
184738,1
184739,1
184740,0
184741,0
184742,1
184743,0
184744,0
184745,0
184746,0
184747,0
184748,0
184749,1
184750,0
184751,1
184752,0
184753,1
184754,0
184755,0
184756,1
184757,0
184758,0
184759,1
184760,0
184761,0
184762,1
184763,1
184764,0
184765,0
184766,0
184767,1
184768,1
184769,1
184770,1
184771,0
184772,0
184773,1
184774,0
184775,0
184776,1
184777,1
184778,1
184779,1
184780,0
184781,1
184782,0
184783,0
184784,1
184785,1
184786,1
184787,1
184788,1
184789,0
184790,1
184791,0
184792,1
184793,1
184794,0
184795,1
184796,0
184797,1
184798,1
184799,0
184800,1
184801,0
184802,0
184803,1
184804,1
184805,1
184806,1
184807,0
184808,1
184809,1
184810,1
184811,1
184812,1
184813,1
184814,1
184815,1
184816,1
184817,0
184818,1
184819,1
184820,1
184821,1
184822,0
184823,0
184824,1
184825,0
184826,1
184827,1
184828,1
184829,0
184830,0
184831,0
184832,1
184833,1
184834,1
184835,0
184836,1
184837,0
184838,1
184839,0
184840,0
184841,1
184842,1
184843,1
184844,1
184845,1
184846,1
184847,1
184848,1
184849,1
184850,1
184851,0
184852,1
184853,1
184854,0
184855,1
184856,0
184857,1
184858,1
184859,0
184860,1
184861,0
184862,1
184863,0
184864,0
184865,0
184866,1
184867,1
184868,0
184869,0
184870,0
184871,0
184872,1
184873,0
184874,1
184875,1
184876,0
184877,1
184878,0
184879,0
184880,0
184881,0
184882,0
184883,1
184884,0
184885,0
184886,1
184887,0
184888,0
184889,1
184890,1
184891,1
184892,1
184893,1
184894,0
184895,0
184896,0
184897,1
184898,1
184899,1
184900,1
184901,1
184902,0
184903,0
184904,0
184905,1
184906,0
184907,1
184908,0
184909,1
184910,0
184911,0
184912,0
184913,1
184914,0
184915,1
184916,1
184917,0
184918,1
184919,0
184920,1
184921,0
184922,1
184923,0
184924,0
184925,1
184926,0
184927,1
184928,0
184929,1
184930,1
184931,1
184932,1
184933,0
184934,1
184935,0
184936,1
184937,1
184938,1
184939,1
184940,1
184941,0
184942,1
184943,0
184944,0
184945,0
184946,0
184947,0
184948,1
184949,1
184950,0
184951,0
184952,1
184953,1
184954,1
184955,1
184956,1
184957,1
184958,1
184959,1
184960,0
184961,0
184962,1
184963,1
184964,0
184965,1
184966,0
184967,0
184968,1
184969,0
184970,1
184971,0
184972,1
184973,0
184974,1
184975,0
184976,0
184977,1
184978,1
184979,1
184980,1
184981,0
184982,0
184983,1
184984,0
184985,0
184986,1
184987,1
184988,1
184989,1
184990,1
184991,0
184992,1
184993,0
184994,0
184995,1
184996,0
184997,0
184998,1
184999,0
185000,0
185001,0
185002,1
185003,0
185004,1
185005,1
185006,0
185007,1
185008,0
185009,0
185010,0
185011,1
185012,0
185013,1
185014,0
185015,0
185016,1
185017,0
185018,0
185019,1
185020,1
185021,0
185022,0
185023,0
185024,1
185025,0
185026,1
185027,0
185028,0
185029,1
185030,1
185031,1
185032,0
185033,0
185034,0
185035,0
185036,1
185037,1
185038,1
185039,1
185040,0
185041,1
185042,0
185043,1
185044,0
185045,1
185046,1
185047,1
185048,0
185049,1
185050,1
185051,0
185052,1
185053,0
185054,1
185055,0
185056,0
185057,1
185058,0
185059,1
185060,0
185061,0
185062,0
185063,0
185064,1
185065,0
185066,0
185067,0
185068,0
185069,0
185070,0
185071,0
185072,0
185073,0
185074,0
185075,0
185076,1
185077,0
185078,1
185079,0
185080,0
185081,0
185082,0
185083,0
185084,1
185085,0
185086,0
185087,1
185088,0
185089,0
185090,0
185091,0
185092,1
185093,1
185094,0
185095,1
185096,1
185097,1
185098,1
185099,0
185100,0
185101,1
185102,0
185103,1
185104,0
185105,0
185106,1
185107,1
185108,1
185109,1
185110,0
185111,1
185112,0
185113,0
185114,0
185115,1
185116,0
185117,1
185118,0
185119,0
185120,0
185121,0
185122,0
185123,0
185124,0
185125,0
185126,0
185127,1
185128,0
185129,0
185130,0
185131,0
185132,1
185133,0
185134,0
185135,0
185136,0
185137,1
185138,0
185139,1
185140,1
185141,1
185142,0
185143,1
185144,0
185145,0
185146,0
185147,0
185148,0
185149,1
185150,0
185151,1
185152,1
185153,1
185154,1
185155,0
185156,0
185157,0
185158,1
185159,0
185160,0
185161,0
185162,0
185163,0
185164,0
185165,0
185166,0
185167,1
185168,0
185169,1
185170,1
185171,0
185172,1
185173,1
185174,1
185175,1
185176,1
185177,1
185178,1
185179,0
185180,1
185181,0
185182,1
185183,1
185184,0
185185,1
185186,0
185187,1
185188,0
185189,0
185190,0
185191,0
185192,0
185193,0
185194,0
185195,0
185196,0
185197,1
185198,0
185199,0
185200,0
185201,0
185202,1
185203,0
185204,0
185205,0
185206,1
185207,0
185208,1
185209,1
185210,0
185211,0
185212,0
185213,0
185214,1
185215,0
185216,0
185217,1
185218,1
185219,1
185220,0
185221,1
185222,1
185223,0
185224,1
185225,1
185226,0
185227,1
185228,1
185229,0
185230,0
185231,1
185232,1
185233,1
185234,0
185235,0
185236,0
185237,1
185238,1
185239,0
185240,1
185241,1
185242,0
185243,1
185244,0
185245,1
185246,0
185247,1
185248,1
185249,0
185250,1
185251,1
185252,0
185253,1
185254,0
185255,0
185256,1
185257,1
185258,0
185259,0
185260,1
185261,0
185262,0
185263,1
185264,1
185265,1
185266,0
185267,0
185268,1
185269,1
185270,0
185271,1
185272,0
185273,0
185274,0
185275,1
185276,0
185277,1
185278,0
185279,0
185280,1
185281,1
185282,1
185283,1
185284,1
185285,0
185286,0
185287,1
185288,0
185289,1
185290,0
185291,1
185292,1
185293,1
185294,0
185295,0
185296,1
185297,0
185298,0
185299,0
185300,0
185301,0
185302,1
185303,1
185304,1
185305,0
185306,1
185307,1
185308,1
185309,0
185310,1
185311,1
185312,1
185313,0
185314,0
185315,1
185316,0
185317,1
185318,0
185319,0
185320,0
185321,1
185322,0
185323,0
185324,0
185325,0
185326,0
185327,0
185328,1
185329,0
185330,0
185331,1
185332,0
185333,0
185334,0
185335,0
185336,1
185337,0
185338,1
185339,0
185340,0
185341,0
185342,1
185343,0
185344,0
185345,0
185346,0
185347,1
185348,1
185349,0
185350,1
185351,1
185352,1
185353,1
185354,1
185355,0
185356,0
185357,0
185358,0
185359,0
185360,1
185361,0
185362,0
185363,0
185364,0
185365,1
185366,0
185367,1
185368,1
185369,1
185370,0
185371,1
185372,1
185373,1
185374,0
185375,1
185376,1
185377,1
185378,1
185379,0
185380,1
185381,0
185382,1
185383,0
185384,0
185385,1
185386,0
185387,1
185388,1
185389,1
185390,0
185391,1
185392,1
185393,0
185394,0
185395,0
185396,0
185397,1
185398,0
185399,0
185400,0
185401,1
185402,0
185403,0
185404,0
185405,0
185406,1
185407,0
185408,1
185409,1
185410,1
185411,1
185412,1
185413,1
185414,1
185415,1
185416,0
185417,1
185418,0
185419,0
185420,1
185421,0
185422,0
185423,0
185424,0
185425,0
185426,1
185427,1
185428,0
185429,1
185430,0
185431,0
185432,1
185433,0
185434,1
185435,1
185436,1
185437,1
185438,1
185439,1
185440,0
185441,1
185442,1
185443,0
185444,0
185445,1
185446,0
185447,1
185448,1
185449,0
185450,0
185451,1
185452,0
185453,1
185454,1
185455,1
185456,0
185457,1
185458,0
185459,0
185460,1
185461,0
185462,1
185463,1
185464,0
185465,1
185466,1
185467,0
185468,1
185469,0
185470,1
185471,1
185472,0
185473,0
185474,1
185475,0
185476,0
185477,0
185478,0
185479,1
185480,0
185481,0
185482,1
185483,0
185484,1
185485,1
185486,0
185487,1
185488,0
185489,1
185490,0
185491,1
185492,1
185493,0
185494,0
185495,0
185496,0
185497,1
185498,1
185499,0
185500,1
185501,1
185502,0
185503,1
185504,1
185505,1
185506,0
185507,1
185508,0
185509,0
185510,1
185511,0
185512,1
185513,0
185514,0
185515,1
185516,0
185517,1
185518,0
185519,0
185520,0
185521,0
185522,0
185523,1
185524,0
185525,0
185526,1
185527,1
185528,0
185529,0
185530,0
185531,1
185532,1
185533,1
185534,1
185535,0
185536,0
185537,1
185538,0
185539,1
185540,0
185541,0
185542,1
185543,1
185544,0
185545,1
185546,0
185547,1
185548,1
185549,1
185550,1
185551,0
185552,0
185553,1
185554,0
185555,0
185556,1
185557,0
185558,1
185559,0
185560,0
185561,0
185562,1
185563,1
185564,0
185565,1
185566,0
185567,1
185568,0
185569,0
185570,0
185571,1
185572,1
185573,0
185574,0
185575,1
185576,0
185577,1
185578,0
185579,1
185580,0
185581,1
185582,1
185583,1
185584,0
185585,1
185586,1
185587,1
185588,0
185589,0
185590,0
185591,0
185592,0
185593,0
185594,0
185595,1
185596,0
185597,0
185598,1
185599,0
185600,0
185601,1
185602,0
185603,0
185604,1
185605,0
185606,1
185607,0
185608,0
185609,0
185610,1
185611,1
185612,0
185613,1
185614,1
185615,1
185616,0
185617,0
185618,0
185619,1
185620,1
185621,0
185622,1
185623,1
185624,1
185625,1
185626,1
185627,1
185628,0
185629,0
185630,1
185631,1
185632,1
185633,0
185634,0
185635,1
185636,0
185637,1
185638,1
185639,0
185640,1
185641,1
185642,0
185643,0
185644,1
185645,1
185646,1
185647,1
185648,0
185649,1
185650,0
185651,0
185652,0
185653,0
185654,1
185655,1
185656,0
185657,0
185658,0
185659,0
185660,0
185661,1
185662,1
185663,0
185664,0
185665,0
185666,1
185667,0
185668,0
185669,1
185670,1
185671,0
185672,0
185673,0
185674,0
185675,0
185676,1
185677,1
185678,0
185679,1
185680,1
185681,1
185682,0
185683,0
185684,0
185685,0
185686,0
185687,1
185688,1
185689,1
185690,1
185691,1
185692,1
185693,0
185694,0
185695,1
185696,0
185697,0
185698,1
185699,0
185700,0
185701,1
185702,1
185703,1
185704,1
185705,1
185706,0
185707,1
185708,0
185709,0
185710,0
185711,1
185712,0
185713,1
185714,1
185715,0
185716,1
185717,0
185718,1
185719,1
185720,0
185721,0
185722,1
185723,0
185724,0
185725,0
185726,1
185727,0
185728,1
185729,0
185730,1
185731,1
185732,1
185733,1
185734,0
185735,1
185736,1
185737,1
185738,1
185739,1
185740,0
185741,1
185742,1
185743,1
185744,1
185745,0
185746,1
185747,0
185748,1
185749,1
185750,0
185751,1
185752,1
185753,1
185754,0
185755,1
185756,1
185757,0
185758,1
185759,1
185760,1
185761,0
185762,1
185763,1
185764,1
185765,1
185766,0
185767,1
185768,1
185769,0
185770,0
185771,1
185772,0
185773,0
185774,1
185775,0
185776,1
185777,1
185778,0
185779,0
185780,0
185781,1
185782,1
185783,1
185784,1
185785,1
185786,0
185787,1
185788,1
185789,1
185790,1
185791,0
185792,1
185793,1
185794,0
185795,1
185796,0
185797,1
185798,1
185799,0
185800,1
185801,0
185802,1
185803,1
185804,0
185805,1
185806,0
185807,1
185808,0
185809,1
185810,1
185811,1
185812,1
185813,1
185814,0
185815,0
185816,1
185817,0
185818,0
185819,0
185820,1
185821,0
185822,1
185823,0
185824,1
185825,0
185826,0
185827,0
185828,1
185829,1
185830,1
185831,1
185832,1
185833,1
185834,0
185835,1
185836,0
185837,1
185838,0
185839,0
185840,0
185841,1
185842,0
185843,1
185844,1
185845,0
185846,1
185847,1
185848,1
185849,1
185850,1
185851,1
185852,0
185853,0
185854,1
185855,0
185856,1
185857,0
185858,1
185859,0
185860,1
185861,1
185862,1
185863,1
185864,1
185865,1
185866,1
185867,0
185868,1
185869,1
185870,1
185871,1
185872,1
185873,1
185874,1
185875,1
185876,0
185877,0
185878,1
185879,1
185880,1
185881,1
185882,1
185883,0
185884,1
185885,0
185886,0
185887,1
185888,1
185889,0
185890,1
185891,0
185892,1
185893,0
185894,1
185895,1
185896,0
185897,1
185898,1
185899,0
185900,0
185901,1
185902,0
185903,0
185904,0
185905,0
185906,1
185907,1
185908,0
185909,0
185910,1
185911,0
185912,1
185913,1
185914,0
185915,1
185916,0
185917,0
185918,1
185919,1
185920,1
185921,1
185922,0
185923,1
185924,1
185925,1
185926,0
185927,1
185928,0
185929,0
185930,0
185931,1
185932,1
185933,1
185934,0
185935,0
185936,0
185937,1
185938,1
185939,0
185940,1
185941,0
185942,1
185943,1
185944,0
185945,0
185946,1
185947,0
185948,0
185949,0
185950,1
185951,1
185952,0
185953,0
185954,1
185955,0
185956,0
185957,0
185958,1
185959,0
185960,1
185961,0
185962,1
185963,1
185964,0
185965,0
185966,0
185967,1
185968,0
185969,0
185970,0
185971,1
185972,1
185973,1
185974,0
185975,0
185976,0
185977,1
185978,1
185979,1
185980,0
185981,1
185982,0
185983,1
185984,0
185985,0
185986,1
185987,0
185988,1
185989,1
185990,0
185991,0
185992,1
185993,1
185994,1
185995,1
185996,0
185997,1
185998,1
185999,1
186000,0
186001,0
186002,1
186003,1
186004,1
186005,1
186006,1
186007,1
186008,1
186009,1
186010,1
186011,0
186012,1
186013,0
186014,0
186015,0
186016,0
186017,0
186018,1
186019,1
186020,0
186021,1
186022,0
186023,1
186024,0
186025,1
186026,1
186027,1
186028,1
186029,0
186030,1
186031,0
186032,1
186033,1
186034,0
186035,1
186036,0
186037,1
186038,0
186039,1
186040,0
186041,0
186042,1
186043,0
186044,1
186045,0
186046,1
186047,1
186048,0
186049,0
186050,1
186051,1
186052,0
186053,1
186054,0
186055,1
186056,1
186057,0
186058,1
186059,1
186060,0
186061,1
186062,1
186063,1
186064,1
186065,0
186066,1
186067,1
186068,0
186069,1
186070,1
186071,1
186072,0
186073,0
186074,0
186075,1
186076,0
186077,1
186078,1
186079,1
186080,0
186081,0
186082,1
186083,1
186084,0
186085,1
186086,1
186087,1
186088,1
186089,1
186090,1
186091,1
186092,1
186093,0
186094,0
186095,1
186096,0
186097,1
186098,0
186099,0
186100,0
186101,1
186102,0
186103,1
186104,1
186105,0
186106,0
186107,0
186108,0
186109,0
186110,0
186111,1
186112,1
186113,0
186114,0
186115,0
186116,1
186117,0
186118,0
186119,0
186120,0
186121,1
186122,0
186123,1
186124,1
186125,1
186126,1
186127,1
186128,1
186129,0
186130,1
186131,0
186132,1
186133,1
186134,1
186135,1
186136,1
186137,0
186138,0
186139,1
186140,1
186141,0
186142,1
186143,0
186144,1
186145,0
186146,0
186147,1
186148,1
186149,0
186150,1
186151,0
186152,0
186153,1
186154,1
186155,1
186156,0
186157,1
186158,0
186159,1
186160,1
186161,0
186162,1
186163,0
186164,0
186165,0
186166,1
186167,1
186168,0
186169,0
186170,0
186171,0
186172,1
186173,1
186174,0
186175,0
186176,0
186177,1
186178,0
186179,0
186180,0
186181,0
186182,0
186183,1
186184,0
186185,0
186186,0
186187,0
186188,1
186189,0
186190,1
186191,0
186192,0
186193,1
186194,0
186195,1
186196,1
186197,1
186198,1
186199,1
186200,1
186201,1
186202,0
186203,0
186204,0
186205,0
186206,0
186207,1
186208,0
186209,0
186210,0
186211,0
186212,1
186213,1
186214,1
186215,1
186216,0
186217,1
186218,1
186219,0
186220,0
186221,1
186222,1
186223,1
186224,0
186225,0
186226,0
186227,0
186228,1
186229,0
186230,1
186231,1
186232,1
186233,0
186234,0
186235,0
186236,0
186237,1
186238,0
186239,0
186240,0
186241,0
186242,0
186243,0
186244,0
186245,0
186246,1
186247,0
186248,0
186249,0
186250,0
186251,0
186252,0
186253,1
186254,1
186255,0
186256,1
186257,0
186258,0
186259,0
186260,0
186261,0
186262,0
186263,0
186264,0
186265,1
186266,1
186267,1
186268,0
186269,0
186270,0
186271,1
186272,0
186273,1
186274,0
186275,0
186276,1
186277,1
186278,0
186279,0
186280,1
186281,1
186282,1
186283,1
186284,0
186285,1
186286,0
186287,1
186288,0
186289,0
186290,0
186291,0
186292,0
186293,1
186294,0
186295,0
186296,0
186297,1
186298,0
186299,0
186300,0
186301,0
186302,1
186303,0
186304,0
186305,1
186306,0
186307,0
186308,0
186309,0
186310,0
186311,1
186312,0
186313,1
186314,0
186315,0
186316,0
186317,0
186318,1
186319,0
186320,1
186321,0
186322,0
186323,1
186324,1
186325,0
186326,0
186327,1
186328,1
186329,1
186330,0
186331,0
186332,0
186333,0
186334,0
186335,0
186336,0
186337,0
186338,0
186339,1
186340,0
186341,0
186342,0
186343,1
186344,0
186345,0
186346,1
186347,1
186348,0
186349,0
186350,1
186351,0
186352,1
186353,0
186354,0
186355,0
186356,1
186357,0
186358,1
186359,1
186360,0
186361,1
186362,0
186363,0
186364,0
186365,1
186366,1
186367,1
186368,0
186369,1
186370,0
186371,0
186372,0
186373,1
186374,1
186375,1
186376,0
186377,0
186378,1
186379,0
186380,1
186381,1
186382,0
186383,0
186384,0
186385,0
186386,0
186387,1
186388,1
186389,0
186390,1
186391,0
186392,1
186393,1
186394,0
186395,0
186396,1
186397,1
186398,0
186399,0
186400,0
186401,1
186402,0
186403,1
186404,0
186405,1
186406,1
186407,1
186408,0
186409,0
186410,0
186411,1
186412,1
186413,1
186414,1
186415,1
186416,0
186417,1
186418,0
186419,0
186420,1
186421,0
186422,0
186423,1
186424,1
186425,1
186426,0
186427,0
186428,1
186429,1
186430,1
186431,0
186432,0
186433,0
186434,0
186435,0
186436,0
186437,1
186438,0
186439,0
186440,0
186441,1
186442,0
186443,1
186444,0
186445,0
186446,0
186447,0
186448,1
186449,0
186450,1
186451,0
186452,0
186453,1
186454,0
186455,0
186456,0
186457,1
186458,0
186459,0
186460,1
186461,0
186462,1
186463,0
186464,0
186465,1
186466,0
186467,0
186468,0
186469,0
186470,1
186471,0
186472,0
186473,1
186474,0
186475,0
186476,1
186477,1
186478,0
186479,0
186480,1
186481,0
186482,1
186483,0
186484,0
186485,0
186486,0
186487,1
186488,0
186489,0
186490,0
186491,1
186492,0
186493,1
186494,1
186495,0
186496,1
186497,1
186498,0
186499,0
186500,0
186501,0
186502,1
186503,0
186504,0
186505,1
186506,1
186507,1
186508,1
186509,0
186510,0
186511,1
186512,0
186513,0
186514,1
186515,0
186516,1
186517,0
186518,1
186519,1
186520,1
186521,0
186522,0
186523,0
186524,0
186525,1
186526,0
186527,1
186528,0
186529,1
186530,0
186531,1
186532,1
186533,1
186534,1
186535,1
186536,0
186537,1
186538,1
186539,1
186540,1
186541,1
186542,0
186543,0
186544,1
186545,1
186546,0
186547,1
186548,1
186549,0
186550,1
186551,0
186552,0
186553,0
186554,0
186555,1
186556,0
186557,0
186558,0
186559,0
186560,0
186561,0
186562,1
186563,1
186564,0
186565,1
186566,0
186567,0
186568,0
186569,0
186570,0
186571,1
186572,0
186573,1
186574,1
186575,1
186576,0
186577,1
186578,1
186579,0
186580,0
186581,1
186582,0
186583,1
186584,0
186585,0
186586,1
186587,1
186588,1
186589,0
186590,1
186591,0
186592,1
186593,1
186594,0
186595,0
186596,1
186597,0
186598,0
186599,0
186600,0
186601,1
186602,1
186603,1
186604,1
186605,1
186606,1
186607,1
186608,0
186609,1
186610,1
186611,0
186612,1
186613,1
186614,1
186615,1
186616,0
186617,0
186618,0
186619,1
186620,1
186621,1
186622,0
186623,1
186624,1
186625,0
186626,0
186627,1
186628,0
186629,1
186630,0
186631,0
186632,0
186633,0
186634,0
186635,0
186636,1
186637,0
186638,1
186639,1
186640,0
186641,1
186642,0
186643,0
186644,1
186645,0
186646,0
186647,0
186648,1
186649,0
186650,0
186651,0
186652,1
186653,1
186654,1
186655,0
186656,1
186657,0
186658,0
186659,0
186660,0
186661,1
186662,1
186663,1
186664,1
186665,1
186666,1
186667,1
186668,1
186669,0
186670,1
186671,0
186672,0
186673,1
186674,1
186675,1
186676,0
186677,1
186678,0
186679,0
186680,1
186681,1
186682,0
186683,0
186684,0
186685,1
186686,0
186687,0
186688,0
186689,0
186690,1
186691,1
186692,0
186693,0
186694,0
186695,0
186696,1
186697,1
186698,1
186699,1
186700,0
186701,0
186702,1
186703,1
186704,0
186705,0
186706,1
186707,0
186708,1
186709,0
186710,1
186711,1
186712,1
186713,1
186714,1
186715,0
186716,0
186717,0
186718,1
186719,0
186720,0
186721,0
186722,1
186723,0
186724,1
186725,1
186726,1
186727,0
186728,0
186729,0
186730,0
186731,0
186732,0
186733,1
186734,1
186735,0
186736,1
186737,1
186738,0
186739,1
186740,1
186741,0
186742,1
186743,0
186744,0
186745,1
186746,0
186747,1
186748,0
186749,0
186750,0
186751,0
186752,1
186753,0
186754,0
186755,1
186756,1
186757,1
186758,0
186759,0
186760,0
186761,0
186762,0
186763,1
186764,1
186765,1
186766,1
186767,0
186768,1
186769,0
186770,1
186771,0
186772,0
186773,0
186774,0
186775,0
186776,0
186777,1
186778,1
186779,0
186780,0
186781,0
186782,1
186783,1
186784,0
186785,1
186786,1
186787,1
186788,0
186789,0
186790,0
186791,1
186792,0
186793,0
186794,0
186795,0
186796,0
186797,1
186798,1
186799,1
186800,0
186801,0
186802,1
186803,1
186804,1
186805,1
186806,0
186807,1
186808,0
186809,0
186810,1
186811,0
186812,1
186813,0
186814,1
186815,0
186816,1
186817,1
186818,0
186819,1
186820,0
186821,0
186822,1
186823,0
186824,0
186825,0
186826,0
186827,0
186828,0
186829,0
186830,0
186831,1
186832,0
186833,1
186834,0
186835,1
186836,1
186837,0
186838,1
186839,1
186840,1
186841,0
186842,1
186843,1
186844,0
186845,0
186846,0
186847,1
186848,1
186849,1
186850,1
186851,1
186852,1
186853,0
186854,0
186855,0
186856,1
186857,1
186858,1
186859,0
186860,0
186861,0
186862,1
186863,1
186864,0
186865,1
186866,1
186867,0
186868,1
186869,0
186870,1
186871,0
186872,1
186873,1
186874,0
186875,1
186876,0
186877,1
186878,1
186879,0
186880,0
186881,0
186882,1
186883,1
186884,1
186885,1
186886,0
186887,1
186888,1
186889,1
186890,0
186891,1
186892,1
186893,0
186894,0
186895,0
186896,1
186897,1
186898,0
186899,1
186900,1
186901,1
186902,1
186903,0
186904,1
186905,0
186906,0
186907,1
186908,1
186909,1
186910,1
186911,0
186912,1
186913,1
186914,1
186915,1
186916,1
186917,1
186918,1
186919,0
186920,0
186921,0
186922,1
186923,0
186924,0
186925,0
186926,0
186927,0
186928,1
186929,0
186930,1
186931,1
186932,1
186933,0
186934,1
186935,1
186936,1
186937,0
186938,1
186939,1
186940,1
186941,1
186942,1
186943,0
186944,0
186945,0
186946,0
186947,0
186948,1
186949,1
186950,1
186951,1
186952,1
186953,1
186954,1
186955,1
186956,0
186957,0
186958,0
186959,1
186960,0
186961,0
186962,0
186963,0
186964,1
186965,1
186966,0
186967,1
186968,0
186969,1
186970,0
186971,1
186972,1
186973,0
186974,0
186975,1
186976,0
186977,1
186978,1
186979,1
186980,1
186981,0
186982,0
186983,1
186984,1
186985,1
186986,1
186987,1
186988,0
186989,0
186990,0
186991,1
186992,1
186993,0
186994,1
186995,1
186996,0
186997,1
186998,1
186999,0
187000,1
187001,0
187002,0
187003,1
187004,0
187005,0
187006,0
187007,0
187008,0
187009,0
187010,1
187011,1
187012,0
187013,0
187014,0
187015,1
187016,1
187017,0
187018,1
187019,1
187020,0
187021,0
187022,1
187023,1
187024,1
187025,1
187026,1
187027,0
187028,1
187029,1
187030,1
187031,0
187032,1
187033,0
187034,0
187035,0
187036,1
187037,1
187038,1
187039,0
187040,1
187041,1
187042,1
187043,1
187044,1
187045,0
187046,0
187047,1
187048,1
187049,0
187050,0
187051,0
187052,0
187053,0
187054,0
187055,0
187056,0
187057,1
187058,0
187059,0
187060,0
187061,1
187062,1
187063,1
187064,1
187065,1
187066,1
187067,1
187068,1
187069,1
187070,1
187071,0
187072,1
187073,0
187074,0
187075,0
187076,1
187077,1
187078,1
187079,1
187080,0
187081,1
187082,1
187083,0
187084,0
187085,0
187086,0
187087,0
187088,0
187089,0
187090,0
187091,1
187092,0
187093,1
187094,0
187095,0
187096,1
187097,0
187098,0
187099,1
187100,0
187101,0
187102,1
187103,1
187104,0
187105,0
187106,0
187107,1
187108,1
187109,1
187110,1
187111,0
187112,0
187113,0
187114,1
187115,0
187116,0
187117,1
187118,0
187119,1
187120,0
187121,0
187122,1
187123,0
187124,0
187125,1
187126,1
187127,1
187128,1
187129,1
187130,1
187131,0
187132,1
187133,0
187134,0
187135,1
187136,0
187137,1
187138,1
187139,0
187140,1
187141,0
187142,1
187143,0
187144,0
187145,0
187146,0
187147,0
187148,0
187149,1
187150,0
187151,1
187152,1
187153,0
187154,0
187155,0
187156,1
187157,1
187158,1
187159,0
187160,0
187161,1
187162,0
187163,1
187164,1
187165,1
187166,0
187167,1
187168,1
187169,1
187170,1
187171,1
187172,1
187173,0
187174,1
187175,0
187176,1
187177,0
187178,0
187179,0
187180,0
187181,1
187182,1
187183,0
187184,1
187185,0
187186,0
187187,1
187188,1
187189,1
187190,1
187191,0
187192,1
187193,1
187194,0
187195,1
187196,1
187197,1
187198,1
187199,1
187200,1
187201,0
187202,0
187203,0
187204,0
187205,1
187206,0
187207,1
187208,0
187209,0
187210,0
187211,1
187212,0
187213,0
187214,0
187215,0
187216,0
187217,0
187218,0
187219,1
187220,0
187221,1
187222,0
187223,1
187224,0
187225,1
187226,0
187227,0
187228,1
187229,0
187230,1
187231,1
187232,1
187233,1
187234,1
187235,0
187236,0
187237,1
187238,1
187239,1
187240,0
187241,0
187242,0
187243,0
187244,0
187245,0
187246,1
187247,0
187248,0
187249,0
187250,1
187251,0
187252,1
187253,1
187254,0
187255,0
187256,1
187257,1
187258,0
187259,1
187260,1
187261,0
187262,1
187263,0
187264,0
187265,1
187266,0
187267,1
187268,1
187269,1
187270,0
187271,0
187272,1
187273,0
187274,0
187275,0
187276,0
187277,0
187278,0
187279,1
187280,1
187281,1
187282,0
187283,0
187284,1
187285,0
187286,0
187287,0
187288,1
187289,0
187290,0
187291,1
187292,0
187293,0
187294,1
187295,0
187296,1
187297,1
187298,1
187299,1
187300,0
187301,0
187302,1
187303,1
187304,1
187305,1
187306,1
187307,1
187308,0
187309,0
187310,0
187311,1
187312,1
187313,0
187314,1
187315,0
187316,0
187317,1
187318,1
187319,0
187320,1
187321,1
187322,0
187323,1
187324,1
187325,1
187326,0
187327,1
187328,0
187329,0
187330,0
187331,0
187332,0
187333,1
187334,0
187335,1
187336,0
187337,0
187338,1
187339,1
187340,0
187341,0
187342,1
187343,0
187344,0
187345,0
187346,0
187347,0
187348,0
187349,0
187350,0
187351,1
187352,0
187353,1
187354,0
187355,1
187356,1
187357,0
187358,0
187359,1
187360,0
187361,0
187362,0
187363,1
187364,0
187365,1
187366,0
187367,1
187368,1
187369,0
187370,1
187371,1
187372,0
187373,0
187374,0
187375,0
187376,0
187377,1
187378,1
187379,1
187380,0
187381,1
187382,0
187383,1
187384,1
187385,1
187386,0
187387,0
187388,0
187389,0
187390,1
187391,1
187392,1
187393,0
187394,0
187395,1
187396,0
187397,1
187398,0
187399,0
187400,0
187401,1
187402,1
187403,1
187404,1
187405,0
187406,0
187407,0
187408,0
187409,0
187410,0
187411,0
187412,1
187413,0
187414,0
187415,0
187416,1
187417,0
187418,1
187419,0
187420,0
187421,1
187422,0
187423,0
187424,1
187425,1
187426,0
187427,0
187428,1
187429,0
187430,0
187431,0
187432,1
187433,1
187434,1
187435,1
187436,0
187437,0
187438,0
187439,0
187440,0
187441,0
187442,1
187443,1
187444,1
187445,0
187446,1
187447,1
187448,1
187449,1
187450,1
187451,1
187452,0
187453,0
187454,1
187455,1
187456,1
187457,1
187458,1
187459,0
187460,0
187461,1
187462,1
187463,0
187464,1
187465,0
187466,0
187467,1
187468,0
187469,0
187470,1
187471,1
187472,0
187473,1
187474,0
187475,1
187476,1
187477,1
187478,1
187479,1
187480,0
187481,1
187482,0
187483,1
187484,1
187485,0
187486,1
187487,1
187488,1
187489,1
187490,1
187491,0
187492,0
187493,0
187494,0
187495,1
187496,1
187497,1
187498,1
187499,1
187500,0
187501,0
187502,0
187503,1
187504,0
187505,0
187506,1
187507,1
187508,1
187509,1
187510,0
187511,0
187512,1
187513,1
187514,1
187515,1
187516,0
187517,0
187518,0
187519,1
187520,1
187521,1
187522,0
187523,1
187524,0
187525,1
187526,0
187527,1
187528,0
187529,0
187530,0
187531,0
187532,0
187533,1
187534,1
187535,0
187536,0
187537,1
187538,1
187539,1
187540,1
187541,0
187542,1
187543,0
187544,1
187545,0
187546,1
187547,1
187548,0
187549,1
187550,0
187551,1
187552,1
187553,1
187554,1
187555,0
187556,0
187557,1
187558,1
187559,1
187560,1
187561,1
187562,1
187563,1
187564,1
187565,1
187566,0
187567,0
187568,1
187569,1
187570,0
187571,1
187572,1
187573,1
187574,1
187575,0
187576,0
187577,1
187578,1
187579,1
187580,1
187581,0
187582,1
187583,0
187584,1
187585,0
187586,0
187587,0
187588,1
187589,1
187590,0
187591,0
187592,0
187593,0
187594,1
187595,0
187596,0
187597,1
187598,0
187599,0
187600,1
187601,1
187602,0
187603,0
187604,0
187605,0
187606,1
187607,0
187608,0
187609,0
187610,1
187611,1
187612,0
187613,0
187614,0
187615,0
187616,0
187617,0
187618,1
187619,1
187620,0
187621,0
187622,0
187623,0
187624,0
187625,0
187626,0
187627,0
187628,1
187629,1
187630,1
187631,1
187632,1
187633,0
187634,0
187635,0
187636,0
187637,1
187638,0
187639,1
187640,0
187641,1
187642,0
187643,1
187644,1
187645,1
187646,1
187647,1
187648,0
187649,0
187650,1
187651,0
187652,1
187653,1
187654,0
187655,1
187656,0
187657,1
187658,0
187659,1
187660,0
187661,1
187662,1
187663,1
187664,1
187665,1
187666,0
187667,1
187668,1
187669,0
187670,0
187671,1
187672,0
187673,0
187674,0
187675,1
187676,1
187677,0
187678,1
187679,0
187680,0
187681,1
187682,0
187683,1
187684,1
187685,1
187686,0
187687,1
187688,1
187689,0
187690,1
187691,0
187692,1
187693,1
187694,1
187695,1
187696,1
187697,0
187698,0
187699,1
187700,0
187701,1
187702,1
187703,0
187704,1
187705,1
187706,0
187707,1
187708,1
187709,0
187710,1
187711,1
187712,1
187713,1
187714,0
187715,1
187716,0
187717,1
187718,1
187719,0
187720,1
187721,1
187722,1
187723,1
187724,0
187725,0
187726,1
187727,0
187728,0
187729,0
187730,1
187731,1
187732,0
187733,0
187734,0
187735,1
187736,0
187737,0
187738,1
187739,0
187740,0
187741,0
187742,0
187743,1
187744,1
187745,0
187746,0
187747,0
187748,1
187749,0
187750,1
187751,0
187752,1
187753,1
187754,0
187755,1
187756,1
187757,1
187758,1
187759,0
187760,0
187761,0
187762,0
187763,0
187764,0
187765,1
187766,0
187767,0
187768,0
187769,0
187770,0
187771,0
187772,0
187773,0
187774,1
187775,0
187776,1
187777,0
187778,1
187779,0
187780,1
187781,0
187782,1
187783,1
187784,0
187785,1
187786,0
187787,0
187788,0
187789,1
187790,0
187791,1
187792,1
187793,1
187794,1
187795,1
187796,0
187797,1
187798,0
187799,0
187800,0
187801,0
187802,1
187803,1
187804,0
187805,1
187806,1
187807,1
187808,1
187809,0
187810,0
187811,1
187812,0
187813,1
187814,1
187815,1
187816,0
187817,0
187818,1
187819,1
187820,0
187821,0
187822,0
187823,1
187824,0
187825,0
187826,0
187827,1
187828,0
187829,1
187830,1
187831,0
187832,1
187833,0
187834,1
187835,0
187836,0
187837,0
187838,1
187839,1
187840,1
187841,0
187842,0
187843,0
187844,1
187845,1
187846,0
187847,1
187848,1
187849,0
187850,1
187851,0
187852,0
187853,1
187854,1
187855,0
187856,1
187857,0
187858,1
187859,1
187860,0
187861,0
187862,1
187863,0
187864,1
187865,0
187866,1
187867,1
187868,1
187869,0
187870,1
187871,0
187872,0
187873,0
187874,0
187875,1
187876,1
187877,0
187878,0
187879,1
187880,0
187881,1
187882,1
187883,1
187884,0
187885,1
187886,0
187887,1
187888,1
187889,1
187890,1
187891,0
187892,1
187893,0
187894,1
187895,0
187896,1
187897,1
187898,1
187899,1
187900,1
187901,0
187902,1
187903,0
187904,0
187905,1
187906,0
187907,1
187908,1
187909,0
187910,1
187911,1
187912,1
187913,0
187914,0
187915,1
187916,0
187917,0
187918,0
187919,1
187920,1
187921,0
187922,1
187923,0
187924,0
187925,0
187926,0
187927,0
187928,0
187929,0
187930,0
187931,0
187932,0
187933,0
187934,0
187935,0
187936,0
187937,0
187938,1
187939,0
187940,0
187941,0
187942,0
187943,1
187944,0
187945,1
187946,1
187947,1
187948,1
187949,1
187950,0
187951,1
187952,1
187953,1
187954,1
187955,1
187956,0
187957,0
187958,0
187959,1
187960,0
187961,1
187962,0
187963,1
187964,0
187965,1
187966,1
187967,1
187968,1
187969,0
187970,0
187971,0
187972,1
187973,1
187974,0
187975,1
187976,0
187977,1
187978,1
187979,0
